"name","contrast","estimate","SE","df","t.ratio","p.value"
"C12:0 lauric acid","(Age13 Spring/Summer) - (Age32 Spring/Summer)",0.16,0.09,63,1.82,"0.459"
"C12:0 lauric acid","(Age13 Spring/Summer) - (Age54 Spring/Summer)",0.06,0.09,63,0.71,"0.980"
"C12:0 lauric acid","(Age13 Spring/Summer) - (Age13 Autumn/Winter)",-0.33,0.09,63,-3.67,"0.006"
"C12:0 lauric acid","(Age13 Spring/Summer) - (Age32 Autumn/Winter)",0.03,0.09,63,0.35,">0.999"
"C12:0 lauric acid","(Age13 Spring/Summer) - (Age54 Autumn/Winter)",0.18,0.09,63,2.06,"0.322"
"C12:0 lauric acid","(Age32 Spring/Summer) - (Age54 Spring/Summer)",-0.1,0.09,63,-1.11,"0.874"
"C12:0 lauric acid","(Age32 Spring/Summer) - (Age13 Autumn/Winter)",-0.49,0.09,63,-5.49,"<0.001"
"C12:0 lauric acid","(Age32 Spring/Summer) - (Age32 Autumn/Winter)",-0.13,0.09,63,-1.47,"0.682"
"C12:0 lauric acid","(Age32 Spring/Summer) - (Age54 Autumn/Winter)",0.02,0.09,63,0.24,">0.999"
"C12:0 lauric acid","(Age54 Spring/Summer) - (Age13 Autumn/Winter)",-0.39,0.09,63,-4.37,"<0.001"
"C12:0 lauric acid","(Age54 Spring/Summer) - (Age32 Autumn/Winter)",-0.03,0.09,63,-0.36,">0.999"
"C12:0 lauric acid","(Age54 Spring/Summer) - (Age54 Autumn/Winter)",0.12,0.09,63,1.35,"0.756"
"C12:0 lauric acid","(Age13 Autumn/Winter) - (Age32 Autumn/Winter)",0.36,0.09,63,4.02,"0.002"
"C12:0 lauric acid","(Age13 Autumn/Winter) - (Age54 Autumn/Winter)",0.51,0.09,63,5.72,"<0.001"
"C12:0 lauric acid","(Age32 Autumn/Winter) - (Age54 Autumn/Winter)",0.15,0.09,63,1.71,"0.531"
"C14:0 myristic acid","(Age13 Spring/Summer) - (Age32 Spring/Summer)",0.43,0.05,63,8.47,"<0.001"
"C14:0 myristic acid","(Age13 Spring/Summer) - (Age54 Spring/Summer)",0.67,0.05,63,13.07,"<0.001"
"C14:0 myristic acid","(Age13 Spring/Summer) - (Age13 Autumn/Winter)",0.01,0.05,63,0.2,">0.999"
"C14:0 myristic acid","(Age13 Spring/Summer) - (Age32 Autumn/Winter)",-0.14,0.05,63,-2.71,"0.087"
"C14:0 myristic acid","(Age13 Spring/Summer) - (Age54 Autumn/Winter)",0.17,0.05,63,3.28,"0.020"
"C14:0 myristic acid","(Age32 Spring/Summer) - (Age54 Spring/Summer)",0.23,0.05,63,4.59,"<0.001"
"C14:0 myristic acid","(Age32 Spring/Summer) - (Age13 Autumn/Winter)",-0.42,0.05,63,-8.28,"<0.001"
"C14:0 myristic acid","(Age32 Spring/Summer) - (Age32 Autumn/Winter)",-0.57,0.05,63,-11.19,"<0.001"
"C14:0 myristic acid","(Age32 Spring/Summer) - (Age54 Autumn/Winter)",-0.26,0.05,63,-5.2,"<0.001"
"C14:0 myristic acid","(Age54 Spring/Summer) - (Age13 Autumn/Winter)",-0.66,0.05,63,-12.87,"<0.001"
"C14:0 myristic acid","(Age54 Spring/Summer) - (Age32 Autumn/Winter)",-0.8,0.05,63,-15.78,"<0.001"
"C14:0 myristic acid","(Age54 Spring/Summer) - (Age54 Autumn/Winter)",-0.5,0.05,63,-9.79,"<0.001"
"C14:0 myristic acid","(Age13 Autumn/Winter) - (Age32 Autumn/Winter)",-0.15,0.05,63,-2.91,"0.054"
"C14:0 myristic acid","(Age13 Autumn/Winter) - (Age54 Autumn/Winter)",0.16,0.05,63,3.08,"0.035"
"C14:0 myristic acid","(Age32 Autumn/Winter) - (Age54 Autumn/Winter)",0.31,0.05,63,5.99,"<0.001"
"C15:0 pentadecanoic acid","(Age13 Spring/Summer) - (Age32 Spring/Summer)",-0.07,0.05,63,-1.36,"0.749"
"C15:0 pentadecanoic acid","(Age13 Spring/Summer) - (Age54 Spring/Summer)",-0.23,0.05,63,-4.46,"<0.001"
"C15:0 pentadecanoic acid","(Age13 Spring/Summer) - (Age13 Autumn/Winter)",-0.16,0.05,63,-3.06,"0.037"
"C15:0 pentadecanoic acid","(Age13 Spring/Summer) - (Age32 Autumn/Winter)",0.03,0.05,63,0.51,"0.995"
"C15:0 pentadecanoic acid","(Age13 Spring/Summer) - (Age54 Autumn/Winter)",0.03,0.05,63,0.51,"0.996"
"C15:0 pentadecanoic acid","(Age32 Spring/Summer) - (Age54 Spring/Summer)",-0.16,0.05,63,-3.1,"0.033"
"C15:0 pentadecanoic acid","(Age32 Spring/Summer) - (Age13 Autumn/Winter)",-0.09,0.05,63,-1.7,"0.540"
"C15:0 pentadecanoic acid","(Age32 Spring/Summer) - (Age32 Autumn/Winter)",0.1,0.05,63,1.88,"0.426"
"C15:0 pentadecanoic acid","(Age32 Spring/Summer) - (Age54 Autumn/Winter)",0.1,0.05,63,1.87,"0.428"
"C15:0 pentadecanoic acid","(Age54 Spring/Summer) - (Age13 Autumn/Winter)",0.07,0.05,63,1.41,"0.723"
"C15:0 pentadecanoic acid","(Age54 Spring/Summer) - (Age32 Autumn/Winter)",0.25,0.05,63,4.98,"<0.001"
"C15:0 pentadecanoic acid","(Age54 Spring/Summer) - (Age54 Autumn/Winter)",0.25,0.05,63,4.98,"<0.001"
"C15:0 pentadecanoic acid","(Age13 Autumn/Winter) - (Age32 Autumn/Winter)",0.18,0.05,63,3.57,"0.009"
"C15:0 pentadecanoic acid","(Age13 Autumn/Winter) - (Age54 Autumn/Winter)",0.18,0.05,63,3.57,"0.009"
"C15:0 pentadecanoic acid","(Age32 Autumn/Winter) - (Age54 Autumn/Winter)",-0,0.05,63,-0,">0.999"
"C16:0 palmitic acid","(Age13 Spring/Summer) - (Age32 Spring/Summer)",0.2,0.05,63,4.13,"0.001"
"C16:0 palmitic acid","(Age13 Spring/Summer) - (Age54 Spring/Summer)",0.49,0.05,63,10.19,"<0.001"
"C16:0 palmitic acid","(Age13 Spring/Summer) - (Age13 Autumn/Winter)",0.13,0.05,63,2.63,"0.105"
"C16:0 palmitic acid","(Age13 Spring/Summer) - (Age32 Autumn/Winter)",0.14,0.05,63,2.96,"0.048"
"C16:0 palmitic acid","(Age13 Spring/Summer) - (Age54 Autumn/Winter)",-0.03,0.05,63,-0.64,"0.988"
"C16:0 palmitic acid","(Age32 Spring/Summer) - (Age54 Spring/Summer)",0.29,0.05,63,6.06,"<0.001"
"C16:0 palmitic acid","(Age32 Spring/Summer) - (Age13 Autumn/Winter)",-0.07,0.05,63,-1.5,"0.665"
"C16:0 palmitic acid","(Age32 Spring/Summer) - (Age32 Autumn/Winter)",-0.06,0.05,63,-1.18,"0.847"
"C16:0 palmitic acid","(Age32 Spring/Summer) - (Age54 Autumn/Winter)",-0.23,0.05,63,-4.77,"<0.001"
"C16:0 palmitic acid","(Age54 Spring/Summer) - (Age13 Autumn/Winter)",-0.36,0.05,63,-7.56,"<0.001"
"C16:0 palmitic acid","(Age54 Spring/Summer) - (Age32 Autumn/Winter)",-0.34,0.05,63,-7.23,"<0.001"
"C16:0 palmitic acid","(Age54 Spring/Summer) - (Age54 Autumn/Winter)",-0.52,0.05,63,-10.82,"<0.001"
"C16:0 palmitic acid","(Age13 Autumn/Winter) - (Age32 Autumn/Winter)",0.02,0.05,63,0.33,">0.999"
"C16:0 palmitic acid","(Age13 Autumn/Winter) - (Age54 Autumn/Winter)",-0.16,0.05,63,-3.27,"0.021"
"C16:0 palmitic acid","(Age32 Autumn/Winter) - (Age54 Autumn/Winter)",-0.17,0.05,63,-3.59,"0.008"
"C16:1 palmitoleic acid","(Age13 Spring/Summer) - (Age32 Spring/Summer)",0.4,0.06,63,6.21,"<0.001"
"C16:1 palmitoleic acid","(Age13 Spring/Summer) - (Age54 Spring/Summer)",1.03,0.06,63,15.92,"<0.001"
"C16:1 palmitoleic acid","(Age13 Spring/Summer) - (Age13 Autumn/Winter)",-0.14,0.06,63,-2.17,"0.269"
"C16:1 palmitoleic acid","(Age13 Spring/Summer) - (Age32 Autumn/Winter)",-0.61,0.06,63,-9.44,"<0.001"
"C16:1 palmitoleic acid","(Age13 Spring/Summer) - (Age54 Autumn/Winter)",-0.59,0.06,63,-9.01,"<0.001"
"C16:1 palmitoleic acid","(Age32 Spring/Summer) - (Age54 Spring/Summer)",0.63,0.06,63,9.71,"<0.001"
"C16:1 palmitoleic acid","(Age32 Spring/Summer) - (Age13 Autumn/Winter)",-0.54,0.06,63,-8.38,"<0.001"
"C16:1 palmitoleic acid","(Age32 Spring/Summer) - (Age32 Autumn/Winter)",-1.02,0.06,63,-15.66,"<0.001"
"C16:1 palmitoleic acid","(Age32 Spring/Summer) - (Age54 Autumn/Winter)",-0.99,0.06,63,-15.22,"<0.001"
"C16:1 palmitoleic acid","(Age54 Spring/Summer) - (Age13 Autumn/Winter)",-1.18,0.06,63,-18.09,"<0.001"
"C16:1 palmitoleic acid","(Age54 Spring/Summer) - (Age32 Autumn/Winter)",-1.65,0.06,63,-25.37,"<0.001"
"C16:1 palmitoleic acid","(Age54 Spring/Summer) - (Age54 Autumn/Winter)",-1.62,0.06,63,-24.93,"<0.001"
"C16:1 palmitoleic acid","(Age13 Autumn/Winter) - (Age32 Autumn/Winter)",-0.47,0.06,63,-7.28,"<0.001"
"C16:1 palmitoleic acid","(Age13 Autumn/Winter) - (Age54 Autumn/Winter)",-0.44,0.06,63,-6.84,"<0.001"
"C16:1 palmitoleic acid","(Age32 Autumn/Winter) - (Age54 Autumn/Winter)",0.03,0.06,63,0.44,"0.998"
"C16:2n4 hexadecadienoic acid","(Age13 Spring/Summer) - (Age32 Spring/Summer)",0.16,0.03,63,4.52,"<0.001"
"C16:2n4 hexadecadienoic acid","(Age13 Spring/Summer) - (Age54 Spring/Summer)",0.33,0.03,63,9.69,"<0.001"
"C16:2n4 hexadecadienoic acid","(Age13 Spring/Summer) - (Age13 Autumn/Winter)",-0.56,0.03,63,-16.33,"<0.001"
"C16:2n4 hexadecadienoic acid","(Age13 Spring/Summer) - (Age32 Autumn/Winter)",-0.25,0.03,63,-7.35,"<0.001"
"C16:2n4 hexadecadienoic acid","(Age13 Spring/Summer) - (Age54 Autumn/Winter)",0.07,0.03,63,1.93,"0.394"
"C16:2n4 hexadecadienoic acid","(Age32 Spring/Summer) - (Age54 Spring/Summer)",0.18,0.03,63,5.17,"<0.001"
"C16:2n4 hexadecadienoic acid","(Age32 Spring/Summer) - (Age13 Autumn/Winter)",-0.72,0.03,63,-20.86,"<0.001"
"C16:2n4 hexadecadienoic acid","(Age32 Spring/Summer) - (Age32 Autumn/Winter)",-0.41,0.03,63,-11.88,"<0.001"
"C16:2n4 hexadecadienoic acid","(Age32 Spring/Summer) - (Age54 Autumn/Winter)",-0.09,0.03,63,-2.6,"0.114"
"C16:2n4 hexadecadienoic acid","(Age54 Spring/Summer) - (Age13 Autumn/Winter)",-0.9,0.03,63,-26.02,"<0.001"
"C16:2n4 hexadecadienoic acid","(Age54 Spring/Summer) - (Age32 Autumn/Winter)",-0.59,0.03,63,-17.04,"<0.001"
"C16:2n4 hexadecadienoic acid","(Age54 Spring/Summer) - (Age54 Autumn/Winter)",-0.27,0.03,63,-7.76,"<0.001"
"C16:2n4 hexadecadienoic acid","(Age13 Autumn/Winter) - (Age32 Autumn/Winter)",0.31,0.03,63,8.98,"<0.001"
"C16:2n4 hexadecadienoic acid","(Age13 Autumn/Winter) - (Age54 Autumn/Winter)",0.63,0.03,63,18.26,"<0.001"
"C16:2n4 hexadecadienoic acid","(Age32 Autumn/Winter) - (Age54 Autumn/Winter)",0.32,0.03,63,9.28,"<0.001"
"C17:0 heptadecanoic acid","(Age13 Spring/Summer) - (Age32 Spring/Summer)",-0.41,0.05,63,-7.87,"<0.001"
"C17:0 heptadecanoic acid","(Age13 Spring/Summer) - (Age54 Spring/Summer)",-0.59,0.05,63,-11.41,"<0.001"
"C17:0 heptadecanoic acid","(Age13 Spring/Summer) - (Age13 Autumn/Winter)",0.07,0.05,63,1.33,"0.768"
"C17:0 heptadecanoic acid","(Age13 Spring/Summer) - (Age32 Autumn/Winter)",0.24,0.05,63,4.7,"<0.001"
"C17:0 heptadecanoic acid","(Age13 Spring/Summer) - (Age54 Autumn/Winter)",0.14,0.05,63,2.62,"0.107"
"C17:0 heptadecanoic acid","(Age32 Spring/Summer) - (Age54 Spring/Summer)",-0.18,0.05,63,-3.54,"0.009"
"C17:0 heptadecanoic acid","(Age32 Spring/Summer) - (Age13 Autumn/Winter)",0.48,0.05,63,9.2,"<0.001"
"C17:0 heptadecanoic acid","(Age32 Spring/Summer) - (Age32 Autumn/Winter)",0.65,0.05,63,12.57,"<0.001"
"C17:0 heptadecanoic acid","(Age32 Spring/Summer) - (Age54 Autumn/Winter)",0.54,0.05,63,10.49,"<0.001"
"C17:0 heptadecanoic acid","(Age54 Spring/Summer) - (Age13 Autumn/Winter)",0.66,0.05,63,12.74,"<0.001"
"C17:0 heptadecanoic acid","(Age54 Spring/Summer) - (Age32 Autumn/Winter)",0.83,0.05,63,16.11,"<0.001"
"C17:0 heptadecanoic acid","(Age54 Spring/Summer) - (Age54 Autumn/Winter)",0.73,0.05,63,14.04,"<0.001"
"C17:0 heptadecanoic acid","(Age13 Autumn/Winter) - (Age32 Autumn/Winter)",0.17,0.05,63,3.37,"0.016"
"C17:0 heptadecanoic acid","(Age13 Autumn/Winter) - (Age54 Autumn/Winter)",0.07,0.05,63,1.29,"0.788"
"C17:0 heptadecanoic acid","(Age32 Autumn/Winter) - (Age54 Autumn/Winter)",-0.11,0.05,63,-2.07,"0.315"
"C18:0 stearic acid","(Age13 Spring/Summer) - (Age32 Spring/Summer)",-0.87,0.08,63,-10.37,"<0.001"
"C18:0 stearic acid","(Age13 Spring/Summer) - (Age54 Spring/Summer)",-0.83,0.08,63,-9.96,"<0.001"
"C18:0 stearic acid","(Age13 Spring/Summer) - (Age13 Autumn/Winter)",-0.31,0.08,63,-3.65,"0.007"
"C18:0 stearic acid","(Age13 Spring/Summer) - (Age32 Autumn/Winter)",0.23,0.08,63,2.78,"0.074"
"C18:0 stearic acid","(Age13 Spring/Summer) - (Age54 Autumn/Winter)",0.16,0.08,63,1.93,"0.396"
"C18:0 stearic acid","(Age32 Spring/Summer) - (Age54 Spring/Summer)",0.03,0.08,63,0.42,"0.998"
"C18:0 stearic acid","(Age32 Spring/Summer) - (Age13 Autumn/Winter)",0.56,0.08,63,6.72,"<0.001"
"C18:0 stearic acid","(Age32 Spring/Summer) - (Age32 Autumn/Winter)",1.1,0.08,63,13.15,"<0.001"
"C18:0 stearic acid","(Age32 Spring/Summer) - (Age54 Autumn/Winter)",1.03,0.08,63,12.3,"<0.001"
"C18:0 stearic acid","(Age54 Spring/Summer) - (Age13 Autumn/Winter)",0.53,0.08,63,6.3,"<0.001"
"C18:0 stearic acid","(Age54 Spring/Summer) - (Age32 Autumn/Winter)",1.07,0.08,63,12.73,"<0.001"
"C18:0 stearic acid","(Age54 Spring/Summer) - (Age54 Autumn/Winter)",0.99,0.08,63,11.88,"<0.001"
"C18:0 stearic acid","(Age13 Autumn/Winter) - (Age32 Autumn/Winter)",0.54,0.08,63,6.43,"<0.001"
"C18:0 stearic acid","(Age13 Autumn/Winter) - (Age54 Autumn/Winter)",0.47,0.08,63,5.58,"<0.001"
"C18:0 stearic acid","(Age32 Autumn/Winter) - (Age54 Autumn/Winter)",-0.07,0.08,63,-0.85,"0.956"
"C18:1n7 vaccenic acid","(Age13 Spring/Summer) - (Age32 Spring/Summer)",-0.44,0.08,63,-5.67,"<0.001"
"C18:1n7 vaccenic acid","(Age13 Spring/Summer) - (Age54 Spring/Summer)",-0.65,0.08,63,-8.25,"<0.001"
"C18:1n7 vaccenic acid","(Age13 Spring/Summer) - (Age13 Autumn/Winter)",-0.21,0.08,63,-2.68,"0.094"
"C18:1n7 vaccenic acid","(Age13 Spring/Summer) - (Age32 Autumn/Winter)",0.1,0.08,63,1.33,"0.765"
"C18:1n7 vaccenic acid","(Age13 Spring/Summer) - (Age54 Autumn/Winter)",0.04,0.08,63,0.52,"0.995"
"C18:1n7 vaccenic acid","(Age32 Spring/Summer) - (Age54 Spring/Summer)",-0.2,0.08,63,-2.58,"0.118"
"C18:1n7 vaccenic acid","(Age32 Spring/Summer) - (Age13 Autumn/Winter)",0.23,0.08,63,2.99,"0.044"
"C18:1n7 vaccenic acid","(Age32 Spring/Summer) - (Age32 Autumn/Winter)",0.55,0.08,63,7,"<0.001"
"C18:1n7 vaccenic acid","(Age32 Spring/Summer) - (Age54 Autumn/Winter)",0.48,0.08,63,6.19,"<0.001"
"C18:1n7 vaccenic acid","(Age54 Spring/Summer) - (Age13 Autumn/Winter)",0.44,0.08,63,5.57,"<0.001"
"C18:1n7 vaccenic acid","(Age54 Spring/Summer) - (Age32 Autumn/Winter)",0.75,0.08,63,9.58,"<0.001"
"C18:1n7 vaccenic acid","(Age54 Spring/Summer) - (Age54 Autumn/Winter)",0.69,0.08,63,8.77,"<0.001"
"C18:1n7 vaccenic acid","(Age13 Autumn/Winter) - (Age32 Autumn/Winter)",0.31,0.08,63,4.01,"0.002"
"C18:1n7 vaccenic acid","(Age13 Autumn/Winter) - (Age54 Autumn/Winter)",0.25,0.08,63,3.2,"0.025"
"C18:1n7 vaccenic acid","(Age32 Autumn/Winter) - (Age54 Autumn/Winter)",-0.06,0.08,63,-0.81,"0.964"
"C18:1n9c oleic acid","(Age13 Spring/Summer) - (Age32 Spring/Summer)",-0.25,0.08,63,-3.15,"0.028"
"C18:1n9c oleic acid","(Age13 Spring/Summer) - (Age54 Spring/Summer)",-0.26,0.08,63,-3.28,"0.020"
"C18:1n9c oleic acid","(Age13 Spring/Summer) - (Age13 Autumn/Winter)",0.11,0.08,63,1.39,"0.735"
"C18:1n9c oleic acid","(Age13 Spring/Summer) - (Age32 Autumn/Winter)",0.66,0.08,63,8.34,"<0.001"
"C18:1n9c oleic acid","(Age13 Spring/Summer) - (Age54 Autumn/Winter)",0.29,0.08,63,3.7,"0.006"
"C18:1n9c oleic acid","(Age32 Spring/Summer) - (Age54 Spring/Summer)",-0.01,0.08,63,-0.13,">0.999"
"C18:1n9c oleic acid","(Age32 Spring/Summer) - (Age13 Autumn/Winter)",0.36,0.08,63,4.54,"<0.001"
"C18:1n9c oleic acid","(Age32 Spring/Summer) - (Age32 Autumn/Winter)",0.91,0.08,63,11.5,"<0.001"
"C18:1n9c oleic acid","(Age32 Spring/Summer) - (Age54 Autumn/Winter)",0.54,0.08,63,6.86,"<0.001"
"C18:1n9c oleic acid","(Age54 Spring/Summer) - (Age13 Autumn/Winter)",0.37,0.08,63,4.67,"<0.001"
"C18:1n9c oleic acid","(Age54 Spring/Summer) - (Age32 Autumn/Winter)",0.92,0.08,63,11.62,"<0.001"
"C18:1n9c oleic acid","(Age54 Spring/Summer) - (Age54 Autumn/Winter)",0.55,0.08,63,6.98,"<0.001"
"C18:1n9c oleic acid","(Age13 Autumn/Winter) - (Age32 Autumn/Winter)",0.55,0.08,63,6.95,"<0.001"
"C18:1n9c oleic acid","(Age13 Autumn/Winter) - (Age54 Autumn/Winter)",0.18,0.08,63,2.31,"0.204"
"C18:1n9c oleic acid","(Age32 Autumn/Winter) - (Age54 Autumn/Winter)",-0.37,0.08,63,-4.64,"<0.001"
"C18:1t elaidic acid","(Age13 Spring/Summer) - (Age32 Spring/Summer)",-0.07,0.05,63,-1.48,"0.679"
"C18:1t elaidic acid","(Age13 Spring/Summer) - (Age54 Spring/Summer)",-0.06,0.05,63,-1.4,"0.726"
"C18:1t elaidic acid","(Age13 Spring/Summer) - (Age13 Autumn/Winter)",0.02,0.05,63,0.46,"0.997"
"C18:1t elaidic acid","(Age13 Spring/Summer) - (Age32 Autumn/Winter)",-0.03,0.05,63,-0.63,"0.988"
"C18:1t elaidic acid","(Age13 Spring/Summer) - (Age54 Autumn/Winter)",-0.05,0.05,63,-1.09,"0.884"
"C18:1t elaidic acid","(Age32 Spring/Summer) - (Age54 Spring/Summer)",0,0.05,63,0.08,">0.999"
"C18:1t elaidic acid","(Age32 Spring/Summer) - (Age13 Autumn/Winter)",0.09,0.05,63,1.94,"0.389"
"C18:1t elaidic acid","(Age32 Spring/Summer) - (Age32 Autumn/Winter)",0.04,0.05,63,0.85,"0.957"
"C18:1t elaidic acid","(Age32 Spring/Summer) - (Age54 Autumn/Winter)",0.02,0.05,63,0.39,"0.999"
"C18:1t elaidic acid","(Age54 Spring/Summer) - (Age13 Autumn/Winter)",0.09,0.05,63,1.86,"0.434"
"C18:1t elaidic acid","(Age54 Spring/Summer) - (Age32 Autumn/Winter)",0.04,0.05,63,0.77,"0.971"
"C18:1t elaidic acid","(Age54 Spring/Summer) - (Age54 Autumn/Winter)",0.01,0.05,63,0.31,">0.999"
"C18:1t elaidic acid","(Age13 Autumn/Winter) - (Age32 Autumn/Winter)",-0.05,0.05,63,-1.09,"0.883"
"C18:1t elaidic acid","(Age13 Autumn/Winter) - (Age54 Autumn/Winter)",-0.07,0.05,63,-1.55,"0.634"
"C18:1t elaidic acid","(Age32 Autumn/Winter) - (Age54 Autumn/Winter)",-0.02,0.05,63,-0.46,"0.997"
"C18:2n6c linoleic acid","(Age13 Spring/Summer) - (Age32 Spring/Summer)",-0.08,0.07,63,-1.13,"0.869"
"C18:2n6c linoleic acid","(Age13 Spring/Summer) - (Age54 Spring/Summer)",-0.11,0.07,63,-1.49,"0.675"
"C18:2n6c linoleic acid","(Age13 Spring/Summer) - (Age13 Autumn/Winter)",-0.11,0.07,63,-1.49,"0.674"
"C18:2n6c linoleic acid","(Age13 Spring/Summer) - (Age32 Autumn/Winter)",0.07,0.07,63,0.92,"0.939"
"C18:2n6c linoleic acid","(Age13 Spring/Summer) - (Age54 Autumn/Winter)",0.23,0.07,63,3.14,"0.029"
"C18:2n6c linoleic acid","(Age32 Spring/Summer) - (Age54 Spring/Summer)",-0.03,0.07,63,-0.36,">0.999"
"C18:2n6c linoleic acid","(Age32 Spring/Summer) - (Age13 Autumn/Winter)",-0.03,0.07,63,-0.36,">0.999"
"C18:2n6c linoleic acid","(Age32 Spring/Summer) - (Age32 Autumn/Winter)",0.15,0.07,63,2.05,"0.328"
"C18:2n6c linoleic acid","(Age32 Spring/Summer) - (Age54 Autumn/Winter)",0.31,0.07,63,4.27,"<0.001"
"C18:2n6c linoleic acid","(Age54 Spring/Summer) - (Age13 Autumn/Winter)",-0,0.07,63,-0,">0.999"
"C18:2n6c linoleic acid","(Age54 Spring/Summer) - (Age32 Autumn/Winter)",0.17,0.07,63,2.41,"0.170"
"C18:2n6c linoleic acid","(Age54 Spring/Summer) - (Age54 Autumn/Winter)",0.33,0.07,63,4.63,"<0.001"
"C18:2n6c linoleic acid","(Age13 Autumn/Winter) - (Age32 Autumn/Winter)",0.17,0.07,63,2.41,"0.169"
"C18:2n6c linoleic acid","(Age13 Autumn/Winter) - (Age54 Autumn/Winter)",0.33,0.07,63,4.63,"<0.001"
"C18:2n6c linoleic acid","(Age32 Autumn/Winter) - (Age54 Autumn/Winter)",0.16,0.07,63,2.22,"0.242"
"C18:3n3 alpha linolenic acid (ALA)","(Age13 Spring/Summer) - (Age32 Spring/Summer)",0.03,0.1,63,0.33,">0.999"
"C18:3n3 alpha linolenic acid (ALA)","(Age13 Spring/Summer) - (Age54 Spring/Summer)",0.13,0.1,63,1.22,"0.823"
"C18:3n3 alpha linolenic acid (ALA)","(Age13 Spring/Summer) - (Age13 Autumn/Winter)",0.94,0.1,63,8.98,"<0.001"
"C18:3n3 alpha linolenic acid (ALA)","(Age13 Spring/Summer) - (Age32 Autumn/Winter)",0.66,0.1,63,6.33,"<0.001"
"C18:3n3 alpha linolenic acid (ALA)","(Age13 Spring/Summer) - (Age54 Autumn/Winter)",0.32,0.1,63,3.02,"0.040"
"C18:3n3 alpha linolenic acid (ALA)","(Age32 Spring/Summer) - (Age54 Spring/Summer)",0.09,0.1,63,0.89,"0.947"
"C18:3n3 alpha linolenic acid (ALA)","(Age32 Spring/Summer) - (Age13 Autumn/Winter)",0.9,0.1,63,8.65,"<0.001"
"C18:3n3 alpha linolenic acid (ALA)","(Age32 Spring/Summer) - (Age32 Autumn/Winter)",0.63,0.1,63,6,"<0.001"
"C18:3n3 alpha linolenic acid (ALA)","(Age32 Spring/Summer) - (Age54 Autumn/Winter)",0.28,0.1,63,2.69,"0.091"
"C18:3n3 alpha linolenic acid (ALA)","(Age54 Spring/Summer) - (Age13 Autumn/Winter)",0.81,0.1,63,7.76,"<0.001"
"C18:3n3 alpha linolenic acid (ALA)","(Age54 Spring/Summer) - (Age32 Autumn/Winter)",0.53,0.1,63,5.11,"<0.001"
"C18:3n3 alpha linolenic acid (ALA)","(Age54 Spring/Summer) - (Age54 Autumn/Winter)",0.19,0.1,63,1.8,"0.473"
"C18:3n3 alpha linolenic acid (ALA)","(Age13 Autumn/Winter) - (Age32 Autumn/Winter)",-0.28,0.1,63,-2.65,"0.101"
"C18:3n3 alpha linolenic acid (ALA)","(Age13 Autumn/Winter) - (Age54 Autumn/Winter)",-0.62,0.1,63,-5.96,"<0.001"
"C18:3n3 alpha linolenic acid (ALA)","(Age32 Autumn/Winter) - (Age54 Autumn/Winter)",-0.34,0.1,63,-3.31,"0.019"
"C18:3n6 gamma linolenic (GLA)","(Age13 Spring/Summer) - (Age32 Spring/Summer)",-0.06,0.05,63,-1.26,"0.803"
"C18:3n6 gamma linolenic (GLA)","(Age13 Spring/Summer) - (Age54 Spring/Summer)",0.05,0.05,63,0.91,"0.943"
"C18:3n6 gamma linolenic (GLA)","(Age13 Spring/Summer) - (Age13 Autumn/Winter)",0.23,0.05,63,4.51,"<0.001"
"C18:3n6 gamma linolenic (GLA)","(Age13 Spring/Summer) - (Age32 Autumn/Winter)",0.13,0.05,63,2.61,"0.109"
"C18:3n6 gamma linolenic (GLA)","(Age13 Spring/Summer) - (Age54 Autumn/Winter)",0.16,0.05,63,3.12,"0.031"
"C18:3n6 gamma linolenic (GLA)","(Age32 Spring/Summer) - (Age54 Spring/Summer)",0.11,0.05,63,2.17,"0.265"
"C18:3n6 gamma linolenic (GLA)","(Age32 Spring/Summer) - (Age13 Autumn/Winter)",0.3,0.05,63,5.78,"<0.001"
"C18:3n6 gamma linolenic (GLA)","(Age32 Spring/Summer) - (Age32 Autumn/Winter)",0.2,0.05,63,3.88,"0.003"
"C18:3n6 gamma linolenic (GLA)","(Age32 Spring/Summer) - (Age54 Autumn/Winter)",0.23,0.05,63,4.39,"<0.001"
"C18:3n6 gamma linolenic (GLA)","(Age54 Spring/Summer) - (Age13 Autumn/Winter)",0.18,0.05,63,3.6,"0.008"
"C18:3n6 gamma linolenic (GLA)","(Age54 Spring/Summer) - (Age32 Autumn/Winter)",0.09,0.05,63,1.71,"0.533"
"C18:3n6 gamma linolenic (GLA)","(Age54 Spring/Summer) - (Age54 Autumn/Winter)",0.11,0.05,63,2.21,"0.246"
"C18:3n6 gamma linolenic (GLA)","(Age13 Autumn/Winter) - (Age32 Autumn/Winter)",-0.1,0.05,63,-1.9,"0.413"
"C18:3n6 gamma linolenic (GLA)","(Age13 Autumn/Winter) - (Age54 Autumn/Winter)",-0.07,0.05,63,-1.39,"0.733"
"C18:3n6 gamma linolenic (GLA)","(Age32 Autumn/Winter) - (Age54 Autumn/Winter)",0.03,0.05,63,0.51,"0.996"
"C18:3n4 octadecatrienoic acid","(Age13 Spring/Summer) - (Age32 Spring/Summer)",-0.54,0.07,63,-7.93,"<0.001"
"C18:3n4 octadecatrienoic acid","(Age13 Spring/Summer) - (Age54 Spring/Summer)",-0.63,0.07,63,-9.27,"<0.001"
"C18:3n4 octadecatrienoic acid","(Age13 Spring/Summer) - (Age13 Autumn/Winter)",0.04,0.07,63,0.56,"0.993"
"C18:3n4 octadecatrienoic acid","(Age13 Spring/Summer) - (Age32 Autumn/Winter)",-0,0.07,63,-0.05,">0.999"
"C18:3n4 octadecatrienoic acid","(Age13 Spring/Summer) - (Age54 Autumn/Winter)",-0.03,0.07,63,-0.44,"0.998"
"C18:3n4 octadecatrienoic acid","(Age32 Spring/Summer) - (Age54 Spring/Summer)",-0.09,0.07,63,-1.34,"0.762"
"C18:3n4 octadecatrienoic acid","(Age32 Spring/Summer) - (Age13 Autumn/Winter)",0.58,0.07,63,8.48,"<0.001"
"C18:3n4 octadecatrienoic acid","(Age32 Spring/Summer) - (Age32 Autumn/Winter)",0.53,0.07,63,7.88,"<0.001"
"C18:3n4 octadecatrienoic acid","(Age32 Spring/Summer) - (Age54 Autumn/Winter)",0.51,0.07,63,7.49,"<0.001"
"C18:3n4 octadecatrienoic acid","(Age54 Spring/Summer) - (Age13 Autumn/Winter)",0.67,0.07,63,9.82,"<0.001"
"C18:3n4 octadecatrienoic acid","(Age54 Spring/Summer) - (Age32 Autumn/Winter)",0.62,0.07,63,9.22,"<0.001"
"C18:3n4 octadecatrienoic acid","(Age54 Spring/Summer) - (Age54 Autumn/Winter)",0.6,0.07,63,8.83,"<0.001"
"C18:3n4 octadecatrienoic acid","(Age13 Autumn/Winter) - (Age32 Autumn/Winter)",-0.04,0.07,63,-0.61,"0.990"
"C18:3n4 octadecatrienoic acid","(Age13 Autumn/Winter) - (Age54 Autumn/Winter)",-0.07,0.07,63,-0.99,"0.918"
"C18:3n4 octadecatrienoic acid","(Age32 Autumn/Winter) - (Age54 Autumn/Winter)",-0.03,0.07,63,-0.39,"0.999"
"C18:4n3 stearidonic acid (SDA)","(Age13 Spring/Summer) - (Age32 Spring/Summer)",0.05,0.1,63,0.47,"0.997"
"C18:4n3 stearidonic acid (SDA)","(Age13 Spring/Summer) - (Age54 Spring/Summer)",-0.08,0.1,63,-0.84,"0.959"
"C18:4n3 stearidonic acid (SDA)","(Age13 Spring/Summer) - (Age13 Autumn/Winter)",0.47,0.1,63,4.9,"<0.001"
"C18:4n3 stearidonic acid (SDA)","(Age13 Spring/Summer) - (Age32 Autumn/Winter)",0.28,0.1,63,2.94,"0.051"
"C18:4n3 stearidonic acid (SDA)","(Age13 Spring/Summer) - (Age54 Autumn/Winter)",0.31,0.1,63,3.24,"0.022"
"C18:4n3 stearidonic acid (SDA)","(Age32 Spring/Summer) - (Age54 Spring/Summer)",-0.13,0.1,63,-1.31,"0.778"
"C18:4n3 stearidonic acid (SDA)","(Age32 Spring/Summer) - (Age13 Autumn/Winter)",0.43,0.1,63,4.42,"<0.001"
"C18:4n3 stearidonic acid (SDA)","(Age32 Spring/Summer) - (Age32 Autumn/Winter)",0.24,0.1,63,2.46,"0.151"
"C18:4n3 stearidonic acid (SDA)","(Age32 Spring/Summer) - (Age54 Autumn/Winter)",0.27,0.1,63,2.77,"0.076"
"C18:4n3 stearidonic acid (SDA)","(Age54 Spring/Summer) - (Age13 Autumn/Winter)",0.55,0.1,63,5.73,"<0.001"
"C18:4n3 stearidonic acid (SDA)","(Age54 Spring/Summer) - (Age32 Autumn/Winter)",0.36,0.1,63,3.77,"0.005"
"C18:4n3 stearidonic acid (SDA)","(Age54 Spring/Summer) - (Age54 Autumn/Winter)",0.39,0.1,63,4.08,"0.002"
"C18:4n3 stearidonic acid (SDA)","(Age13 Autumn/Winter) - (Age32 Autumn/Winter)",-0.19,0.1,63,-1.96,"0.376"
"C18:4n3 stearidonic acid (SDA)","(Age13 Autumn/Winter) - (Age54 Autumn/Winter)",-0.16,0.1,63,-1.65,"0.568"
"C18:4n3 stearidonic acid (SDA)","(Age32 Autumn/Winter) - (Age54 Autumn/Winter)",0.03,0.1,63,0.31,">0.999"
"C20:0 arachidic acid","(Age13 Spring/Summer) - (Age32 Spring/Summer)",-0.08,0.05,63,-1.79,"0.479"
"C20:0 arachidic acid","(Age13 Spring/Summer) - (Age54 Spring/Summer)",-0.32,0.05,63,-6.71,"<0.001"
"C20:0 arachidic acid","(Age13 Spring/Summer) - (Age13 Autumn/Winter)",0.2,0.05,63,4.28,"<0.001"
"C20:0 arachidic acid","(Age13 Spring/Summer) - (Age32 Autumn/Winter)",0.25,0.05,63,5.36,"<0.001"
"C20:0 arachidic acid","(Age13 Spring/Summer) - (Age54 Autumn/Winter)",0.17,0.05,63,3.65,"0.007"
"C20:0 arachidic acid","(Age32 Spring/Summer) - (Age54 Spring/Summer)",-0.23,0.05,63,-4.92,"<0.001"
"C20:0 arachidic acid","(Age32 Spring/Summer) - (Age13 Autumn/Winter)",0.29,0.05,63,6.07,"<0.001"
"C20:0 arachidic acid","(Age32 Spring/Summer) - (Age32 Autumn/Winter)",0.34,0.05,63,7.15,"<0.001"
"C20:0 arachidic acid","(Age32 Spring/Summer) - (Age54 Autumn/Winter)",0.26,0.05,63,5.44,"<0.001"
"C20:0 arachidic acid","(Age54 Spring/Summer) - (Age13 Autumn/Winter)",0.52,0.05,63,10.98,"<0.001"
"C20:0 arachidic acid","(Age54 Spring/Summer) - (Age32 Autumn/Winter)",0.57,0.05,63,12.07,"<0.001"
"C20:0 arachidic acid","(Age54 Spring/Summer) - (Age54 Autumn/Winter)",0.49,0.05,63,10.36,"<0.001"
"C20:0 arachidic acid","(Age13 Autumn/Winter) - (Age32 Autumn/Winter)",0.05,0.05,63,1.08,"0.886"
"C20:0 arachidic acid","(Age13 Autumn/Winter) - (Age54 Autumn/Winter)",-0.03,0.05,63,-0.63,"0.989"
"C20:0 arachidic acid","(Age32 Autumn/Winter) - (Age54 Autumn/Winter)",-0.08,0.05,63,-1.71,"0.530"
"C20:1 gadoleic acid","(Age13 Spring/Summer) - (Age32 Spring/Summer)",-0.17,0.03,63,-6.04,"<0.001"
"C20:1 gadoleic acid","(Age13 Spring/Summer) - (Age54 Spring/Summer)",-0.27,0.03,63,-9.53,"<0.001"
"C20:1 gadoleic acid","(Age13 Spring/Summer) - (Age13 Autumn/Winter)",-0,0.03,63,-0,">0.999"
"C20:1 gadoleic acid","(Age13 Spring/Summer) - (Age32 Autumn/Winter)",-0.03,0.03,63,-0.97,"0.925"
"C20:1 gadoleic acid","(Age13 Spring/Summer) - (Age54 Autumn/Winter)",-0.11,0.03,63,-3.98,"0.002"
"C20:1 gadoleic acid","(Age32 Spring/Summer) - (Age54 Spring/Summer)",-0.1,0.03,63,-3.48,"0.011"
"C20:1 gadoleic acid","(Age32 Spring/Summer) - (Age13 Autumn/Winter)",0.17,0.03,63,6.04,"<0.001"
"C20:1 gadoleic acid","(Age32 Spring/Summer) - (Age32 Autumn/Winter)",0.15,0.03,63,5.07,"<0.001"
"C20:1 gadoleic acid","(Age32 Spring/Summer) - (Age54 Autumn/Winter)",0.06,0.03,63,2.06,"0.319"
"C20:1 gadoleic acid","(Age54 Spring/Summer) - (Age13 Autumn/Winter)",0.27,0.03,63,9.53,"<0.001"
"C20:1 gadoleic acid","(Age54 Spring/Summer) - (Age32 Autumn/Winter)",0.25,0.03,63,8.56,"<0.001"
"C20:1 gadoleic acid","(Age54 Spring/Summer) - (Age54 Autumn/Winter)",0.16,0.03,63,5.55,"<0.001"
"C20:1 gadoleic acid","(Age13 Autumn/Winter) - (Age32 Autumn/Winter)",-0.03,0.03,63,-0.97,"0.925"
"C20:1 gadoleic acid","(Age13 Autumn/Winter) - (Age54 Autumn/Winter)",-0.11,0.03,63,-3.98,"0.002"
"C20:1 gadoleic acid","(Age32 Autumn/Winter) - (Age54 Autumn/Winter)",-0.09,0.03,63,-3.01,"0.042"
"C20:3n6 cis-8,11,14-eicosatrienoic acid","(Age13 Spring/Summer) - (Age32 Spring/Summer)",-0.07,0.03,63,-2.33,"0.199"
"C20:3n6 cis-8,11,14-eicosatrienoic acid","(Age13 Spring/Summer) - (Age54 Spring/Summer)",-0.05,0.03,63,-1.62,"0.587"
"C20:3n6 cis-8,11,14-eicosatrienoic acid","(Age13 Spring/Summer) - (Age13 Autumn/Winter)",0.22,0.03,63,7.07,"<0.001"
"C20:3n6 cis-8,11,14-eicosatrienoic acid","(Age13 Spring/Summer) - (Age32 Autumn/Winter)",0.16,0.03,63,5.15,"<0.001"
"C20:3n6 cis-8,11,14-eicosatrienoic acid","(Age13 Spring/Summer) - (Age54 Autumn/Winter)",0.16,0.03,63,5.23,"<0.001"
"C20:3n6 cis-8,11,14-eicosatrienoic acid","(Age32 Spring/Summer) - (Age54 Spring/Summer)",0.02,0.03,63,0.7,"0.981"
"C20:3n6 cis-8,11,14-eicosatrienoic acid","(Age32 Spring/Summer) - (Age13 Autumn/Winter)",0.29,0.03,63,9.4,"<0.001"
"C20:3n6 cis-8,11,14-eicosatrienoic acid","(Age32 Spring/Summer) - (Age32 Autumn/Winter)",0.23,0.03,63,7.47,"<0.001"
"C20:3n6 cis-8,11,14-eicosatrienoic acid","(Age32 Spring/Summer) - (Age54 Autumn/Winter)",0.24,0.03,63,7.56,"<0.001"
"C20:3n6 cis-8,11,14-eicosatrienoic acid","(Age54 Spring/Summer) - (Age13 Autumn/Winter)",0.27,0.03,63,8.69,"<0.001"
"C20:3n6 cis-8,11,14-eicosatrienoic acid","(Age54 Spring/Summer) - (Age32 Autumn/Winter)",0.21,0.03,63,6.77,"<0.001"
"C20:3n6 cis-8,11,14-eicosatrienoic acid","(Age54 Spring/Summer) - (Age54 Autumn/Winter)",0.21,0.03,63,6.85,"<0.001"
"C20:3n6 cis-8,11,14-eicosatrienoic acid","(Age13 Autumn/Winter) - (Age32 Autumn/Winter)",-0.06,0.03,63,-1.92,"0.398"
"C20:3n6 cis-8,11,14-eicosatrienoic acid","(Age13 Autumn/Winter) - (Age54 Autumn/Winter)",-0.06,0.03,63,-1.84,"0.448"
"C20:3n6 cis-8,11,14-eicosatrienoic acid","(Age32 Autumn/Winter) - (Age54 Autumn/Winter)",0,0.03,63,0.08,">0.999"
"C20:4n3 eicosatetraenoic acid","(Age13 Spring/Summer) - (Age32 Spring/Summer)",-0.05,0.03,63,-2.17,"0.268"
"C20:4n3 eicosatetraenoic acid","(Age13 Spring/Summer) - (Age54 Spring/Summer)",-0.17,0.03,63,-6.54,"<0.001"
"C20:4n3 eicosatetraenoic acid","(Age13 Spring/Summer) - (Age13 Autumn/Winter)",0.23,0.03,63,9.16,"<0.001"
"C20:4n3 eicosatetraenoic acid","(Age13 Spring/Summer) - (Age32 Autumn/Winter)",0.11,0.03,63,4.29,"<0.001"
"C20:4n3 eicosatetraenoic acid","(Age13 Spring/Summer) - (Age54 Autumn/Winter)",0.08,0.03,63,3.11,"0.032"
"C20:4n3 eicosatetraenoic acid","(Age32 Spring/Summer) - (Age54 Spring/Summer)",-0.11,0.03,63,-4.37,"<0.001"
"C20:4n3 eicosatetraenoic acid","(Age32 Spring/Summer) - (Age13 Autumn/Winter)",0.29,0.03,63,11.32,"<0.001"
"C20:4n3 eicosatetraenoic acid","(Age32 Spring/Summer) - (Age32 Autumn/Winter)",0.16,0.03,63,6.45,"<0.001"
"C20:4n3 eicosatetraenoic acid","(Age32 Spring/Summer) - (Age54 Autumn/Winter)",0.13,0.03,63,5.28,"<0.001"
"C20:4n3 eicosatetraenoic acid","(Age54 Spring/Summer) - (Age13 Autumn/Winter)",0.4,0.03,63,15.69,"<0.001"
"C20:4n3 eicosatetraenoic acid","(Age54 Spring/Summer) - (Age32 Autumn/Winter)",0.27,0.03,63,10.82,"<0.001"
"C20:4n3 eicosatetraenoic acid","(Age54 Spring/Summer) - (Age54 Autumn/Winter)",0.24,0.03,63,9.65,"<0.001"
"C20:4n3 eicosatetraenoic acid","(Age13 Autumn/Winter) - (Age32 Autumn/Winter)",-0.12,0.03,63,-4.87,"<0.001"
"C20:4n3 eicosatetraenoic acid","(Age13 Autumn/Winter) - (Age54 Autumn/Winter)",-0.15,0.03,63,-6.05,"<0.001"
"C20:4n3 eicosatetraenoic acid","(Age32 Autumn/Winter) - (Age54 Autumn/Winter)",-0.03,0.03,63,-1.17,"0.848"
"C20:4n6 arachidonic acid (AA)","(Age13 Spring/Summer) - (Age32 Spring/Summer)",-0.37,0.09,63,-4.17,"0.001"
"C20:4n6 arachidonic acid (AA)","(Age13 Spring/Summer) - (Age54 Spring/Summer)",-0.61,0.09,63,-6.86,"<0.001"
"C20:4n6 arachidonic acid (AA)","(Age13 Spring/Summer) - (Age13 Autumn/Winter)",0.81,0.09,63,9.13,"<0.001"
"C20:4n6 arachidonic acid (AA)","(Age13 Spring/Summer) - (Age32 Autumn/Winter)",0.58,0.09,63,6.48,"<0.001"
"C20:4n6 arachidonic acid (AA)","(Age13 Spring/Summer) - (Age54 Autumn/Winter)",0.41,0.09,63,4.58,"<0.001"
"C20:4n6 arachidonic acid (AA)","(Age32 Spring/Summer) - (Age54 Spring/Summer)",-0.24,0.09,63,-2.69,"0.092"
"C20:4n6 arachidonic acid (AA)","(Age32 Spring/Summer) - (Age13 Autumn/Winter)",1.19,0.09,63,13.3,"<0.001"
"C20:4n6 arachidonic acid (AA)","(Age32 Spring/Summer) - (Age32 Autumn/Winter)",0.95,0.09,63,10.65,"<0.001"
"C20:4n6 arachidonic acid (AA)","(Age32 Spring/Summer) - (Age54 Autumn/Winter)",0.78,0.09,63,8.75,"<0.001"
"C20:4n6 arachidonic acid (AA)","(Age54 Spring/Summer) - (Age13 Autumn/Winter)",1.43,0.09,63,15.99,"<0.001"
"C20:4n6 arachidonic acid (AA)","(Age54 Spring/Summer) - (Age32 Autumn/Winter)",1.19,0.09,63,13.34,"<0.001"
"C20:4n6 arachidonic acid (AA)","(Age54 Spring/Summer) - (Age54 Autumn/Winter)",1.02,0.09,63,11.44,"<0.001"
"C20:4n6 arachidonic acid (AA)","(Age13 Autumn/Winter) - (Age32 Autumn/Winter)",-0.24,0.09,63,-2.65,"0.101"
"C20:4n6 arachidonic acid (AA)","(Age13 Autumn/Winter) - (Age54 Autumn/Winter)",-0.41,0.09,63,-4.54,"<0.001"
"C20:4n6 arachidonic acid (AA)","(Age32 Autumn/Winter) - (Age54 Autumn/Winter)",-0.17,0.09,63,-1.9,"0.414"
"C20:5n3 eicosapentaenoic acid","(Age13 Spring/Summer) - (Age32 Spring/Summer)",-0.33,0.1,63,-3.25,"0.022"
"C20:5n3 eicosapentaenoic acid","(Age13 Spring/Summer) - (Age54 Spring/Summer)",-0.7,0.1,63,-6.85,"<0.001"
"C20:5n3 eicosapentaenoic acid","(Age13 Spring/Summer) - (Age13 Autumn/Winter)",0.23,0.1,63,2.2,"0.253"
"C20:5n3 eicosapentaenoic acid","(Age13 Spring/Summer) - (Age32 Autumn/Winter)",0.12,0.1,63,1.22,"0.828"
"C20:5n3 eicosapentaenoic acid","(Age13 Spring/Summer) - (Age54 Autumn/Winter)",0.14,0.1,63,1.36,"0.751"
"C20:5n3 eicosapentaenoic acid","(Age32 Spring/Summer) - (Age54 Spring/Summer)",-0.37,0.1,63,-3.61,"0.008"
"C20:5n3 eicosapentaenoic acid","(Age32 Spring/Summer) - (Age13 Autumn/Winter)",0.56,0.1,63,5.44,"<0.001"
"C20:5n3 eicosapentaenoic acid","(Age32 Spring/Summer) - (Age32 Autumn/Winter)",0.46,0.1,63,4.46,"<0.001"
"C20:5n3 eicosapentaenoic acid","(Age32 Spring/Summer) - (Age54 Autumn/Winter)",0.47,0.1,63,4.6,"<0.001"
"C20:5n3 eicosapentaenoic acid","(Age54 Spring/Summer) - (Age13 Autumn/Winter)",0.93,0.1,63,9.05,"<0.001"
"C20:5n3 eicosapentaenoic acid","(Age54 Spring/Summer) - (Age32 Autumn/Winter)",0.83,0.1,63,8.07,"<0.001"
"C20:5n3 eicosapentaenoic acid","(Age54 Spring/Summer) - (Age54 Autumn/Winter)",0.84,0.1,63,8.21,"<0.001"
"C20:5n3 eicosapentaenoic acid","(Age13 Autumn/Winter) - (Age32 Autumn/Winter)",-0.1,0.1,63,-0.98,"0.922"
"C20:5n3 eicosapentaenoic acid","(Age13 Autumn/Winter) - (Age54 Autumn/Winter)",-0.09,0.1,63,-0.84,"0.959"
"C20:5n3 eicosapentaenoic acid","(Age32 Autumn/Winter) - (Age54 Autumn/Winter)",0.01,0.1,63,0.14,">0.999"
"C22:0 behenic acid","(Age13 Spring/Summer) - (Age32 Spring/Summer)",0.02,0.04,63,0.55,"0.994"
"C22:0 behenic acid","(Age13 Spring/Summer) - (Age54 Spring/Summer)",-0.08,0.04,63,-2.23,"0.240"
"C22:0 behenic acid","(Age13 Spring/Summer) - (Age13 Autumn/Winter)",0.21,0.04,63,5.83,"<0.001"
"C22:0 behenic acid","(Age13 Spring/Summer) - (Age32 Autumn/Winter)",0.27,0.04,63,7.45,"<0.001"
"C22:0 behenic acid","(Age13 Spring/Summer) - (Age54 Autumn/Winter)",0.27,0.04,63,7.55,"<0.001"
"C22:0 behenic acid","(Age32 Spring/Summer) - (Age54 Spring/Summer)",-0.1,0.04,63,-2.77,"0.075"
"C22:0 behenic acid","(Age32 Spring/Summer) - (Age13 Autumn/Winter)",0.19,0.04,63,5.29,"<0.001"
"C22:0 behenic acid","(Age32 Spring/Summer) - (Age32 Autumn/Winter)",0.25,0.04,63,6.9,"<0.001"
"C22:0 behenic acid","(Age32 Spring/Summer) - (Age54 Autumn/Winter)",0.25,0.04,63,7,"<0.001"
"C22:0 behenic acid","(Age54 Spring/Summer) - (Age13 Autumn/Winter)",0.29,0.04,63,8.06,"<0.001"
"C22:0 behenic acid","(Age54 Spring/Summer) - (Age32 Autumn/Winter)",0.34,0.04,63,9.67,"<0.001"
"C22:0 behenic acid","(Age54 Spring/Summer) - (Age54 Autumn/Winter)",0.35,0.04,63,9.77,"<0.001"
"C22:0 behenic acid","(Age13 Autumn/Winter) - (Age32 Autumn/Winter)",0.06,0.04,63,1.62,"0.591"
"C22:0 behenic acid","(Age13 Autumn/Winter) - (Age54 Autumn/Winter)",0.06,0.04,63,1.72,"0.527"
"C22:0 behenic acid","(Age32 Autumn/Winter) - (Age54 Autumn/Winter)",0,0.04,63,0.1,">0.999"
"C22:5n3 docosapentaenoic acid (DPA)","(Age13 Spring/Summer) - (Age32 Spring/Summer)",-0.04,0.13,63,-0.27,">0.999"
"C22:5n3 docosapentaenoic acid (DPA)","(Age13 Spring/Summer) - (Age54 Spring/Summer)",-0.33,0.13,63,-2.49,"0.142"
"C22:5n3 docosapentaenoic acid (DPA)","(Age13 Spring/Summer) - (Age13 Autumn/Winter)",-0.53,0.13,63,-3.95,"0.003"
"C22:5n3 docosapentaenoic acid (DPA)","(Age13 Spring/Summer) - (Age32 Autumn/Winter)",0.07,0.13,63,0.54,"0.994"
"C22:5n3 docosapentaenoic acid (DPA)","(Age13 Spring/Summer) - (Age54 Autumn/Winter)",0.11,0.13,63,0.8,"0.967"
"C22:5n3 docosapentaenoic acid (DPA)","(Age32 Spring/Summer) - (Age54 Spring/Summer)",-0.3,0.13,63,-2.22,"0.242"
"C22:5n3 docosapentaenoic acid (DPA)","(Age32 Spring/Summer) - (Age13 Autumn/Winter)",-0.49,0.13,63,-3.68,"0.006"
"C22:5n3 docosapentaenoic acid (DPA)","(Age32 Spring/Summer) - (Age32 Autumn/Winter)",0.11,0.13,63,0.81,"0.964"
"C22:5n3 docosapentaenoic acid (DPA)","(Age32 Spring/Summer) - (Age54 Autumn/Winter)",0.14,0.13,63,1.07,"0.891"
"C22:5n3 docosapentaenoic acid (DPA)","(Age54 Spring/Summer) - (Age13 Autumn/Winter)",-0.19,0.13,63,-1.46,"0.692"
"C22:5n3 docosapentaenoic acid (DPA)","(Age54 Spring/Summer) - (Age32 Autumn/Winter)",0.4,0.13,63,3.04,"0.039"
"C22:5n3 docosapentaenoic acid (DPA)","(Age54 Spring/Summer) - (Age54 Autumn/Winter)",0.44,0.13,63,3.29,"0.019"
"C22:5n3 docosapentaenoic acid (DPA)","(Age13 Autumn/Winter) - (Age32 Autumn/Winter)",0.6,0.13,63,4.49,"<0.001"
"C22:5n3 docosapentaenoic acid (DPA)","(Age13 Autumn/Winter) - (Age54 Autumn/Winter)",0.63,0.13,63,4.75,"<0.001"
"C22:5n3 docosapentaenoic acid (DPA)","(Age32 Autumn/Winter) - (Age54 Autumn/Winter)",0.03,0.13,63,0.26,">0.999"
"C22:6n3 docosahexaenoic acid (DHA)","(Age13 Spring/Summer) - (Age32 Spring/Summer)",-0.5,0.1,63,-4.75,"<0.001"
"C22:6n3 docosahexaenoic acid (DHA)","(Age13 Spring/Summer) - (Age54 Spring/Summer)",-1.25,0.1,63,-11.9,"<0.001"
"C22:6n3 docosahexaenoic acid (DHA)","(Age13 Spring/Summer) - (Age13 Autumn/Winter)",0.39,0.1,63,3.73,"0.005"
"C22:6n3 docosahexaenoic acid (DHA)","(Age13 Spring/Summer) - (Age32 Autumn/Winter)",0.21,0.1,63,2.04,"0.330"
"C22:6n3 docosahexaenoic acid (DHA)","(Age13 Spring/Summer) - (Age54 Autumn/Winter)",0.26,0.1,63,2.49,"0.143"
"C22:6n3 docosahexaenoic acid (DHA)","(Age32 Spring/Summer) - (Age54 Spring/Summer)",-0.75,0.1,63,-7.14,"<0.001"
"C22:6n3 docosahexaenoic acid (DHA)","(Age32 Spring/Summer) - (Age13 Autumn/Winter)",0.89,0.1,63,8.48,"<0.001"
"C22:6n3 docosahexaenoic acid (DHA)","(Age32 Spring/Summer) - (Age32 Autumn/Winter)",0.71,0.1,63,6.8,"<0.001"
"C22:6n3 docosahexaenoic acid (DHA)","(Age32 Spring/Summer) - (Age54 Autumn/Winter)",0.76,0.1,63,7.24,"<0.001"
"C22:6n3 docosahexaenoic acid (DHA)","(Age54 Spring/Summer) - (Age13 Autumn/Winter)",1.64,0.1,63,15.62,"<0.001"
"C22:6n3 docosahexaenoic acid (DHA)","(Age54 Spring/Summer) - (Age32 Autumn/Winter)",1.46,0.1,63,13.94,"<0.001"
"C22:6n3 docosahexaenoic acid (DHA)","(Age54 Spring/Summer) - (Age54 Autumn/Winter)",1.51,0.1,63,14.39,"<0.001"
"C22:6n3 docosahexaenoic acid (DHA)","(Age13 Autumn/Winter) - (Age32 Autumn/Winter)",-0.18,0.1,63,-1.68,"0.549"
"C22:6n3 docosahexaenoic acid (DHA)","(Age13 Autumn/Winter) - (Age54 Autumn/Winter)",-0.13,0.1,63,-1.24,"0.816"
"C22:6n3 docosahexaenoic acid (DHA)","(Age32 Autumn/Winter) - (Age54 Autumn/Winter)",0.05,0.1,63,0.44,"0.998"
"C24:0 lignoceric acid","(Age13 Spring/Summer) - (Age32 Spring/Summer)",0.19,0.04,63,5.44,"<0.001"
"C24:0 lignoceric acid","(Age13 Spring/Summer) - (Age54 Spring/Summer)",0.25,0.04,63,7.13,"<0.001"
"C24:0 lignoceric acid","(Age13 Spring/Summer) - (Age13 Autumn/Winter)",-0.24,0.04,63,-6.73,"<0.001"
"C24:0 lignoceric acid","(Age13 Spring/Summer) - (Age32 Autumn/Winter)",0.21,0.04,63,6.02,"<0.001"
"C24:0 lignoceric acid","(Age13 Spring/Summer) - (Age54 Autumn/Winter)",0.22,0.04,63,6.28,"<0.001"
"C24:0 lignoceric acid","(Age32 Spring/Summer) - (Age54 Spring/Summer)",0.06,0.04,63,1.69,"0.543"
"C24:0 lignoceric acid","(Age32 Spring/Summer) - (Age13 Autumn/Winter)",-0.43,0.04,63,-12.17,"<0.001"
"C24:0 lignoceric acid","(Age32 Spring/Summer) - (Age32 Autumn/Winter)",0.02,0.04,63,0.58,"0.992"
"C24:0 lignoceric acid","(Age32 Spring/Summer) - (Age54 Autumn/Winter)",0.03,0.04,63,0.84,"0.960"
"C24:0 lignoceric acid","(Age54 Spring/Summer) - (Age13 Autumn/Winter)",-0.49,0.04,63,-13.86,"<0.001"
"C24:0 lignoceric acid","(Age54 Spring/Summer) - (Age32 Autumn/Winter)",-0.04,0.04,63,-1.11,"0.874"
"C24:0 lignoceric acid","(Age54 Spring/Summer) - (Age54 Autumn/Winter)",-0.03,0.04,63,-0.85,"0.956"
"C24:0 lignoceric acid","(Age13 Autumn/Winter) - (Age32 Autumn/Winter)",0.45,0.04,63,12.75,"<0.001"
"C24:0 lignoceric acid","(Age13 Autumn/Winter) - (Age54 Autumn/Winter)",0.46,0.04,63,13.01,"<0.001"
"C24:0 lignoceric acid","(Age32 Autumn/Winter) - (Age54 Autumn/Winter)",0.01,0.04,63,0.26,">0.999"
"∑Saturated fatty acids SFA","(Age13 Spring/Summer) - (Age32 Spring/Summer)",0.14,0.03,63,4.95,"<0.001"
"∑Saturated fatty acids SFA","(Age13 Spring/Summer) - (Age54 Spring/Summer)",0.32,0.03,63,11.13,"<0.001"
"∑Saturated fatty acids SFA","(Age13 Spring/Summer) - (Age13 Autumn/Winter)",0.04,0.03,63,1.21,"0.831"
"∑Saturated fatty acids SFA","(Age13 Spring/Summer) - (Age32 Autumn/Winter)",0.08,0.03,63,2.75,"0.079"
"∑Saturated fatty acids SFA","(Age13 Spring/Summer) - (Age54 Autumn/Winter)",0.06,0.03,63,1.95,"0.380"
"∑Saturated fatty acids SFA","(Age32 Spring/Summer) - (Age54 Spring/Summer)",0.18,0.03,63,6.18,"<0.001"
"∑Saturated fatty acids SFA","(Age32 Spring/Summer) - (Age13 Autumn/Winter)",-0.11,0.03,63,-3.74,"0.005"
"∑Saturated fatty acids SFA","(Age32 Spring/Summer) - (Age32 Autumn/Winter)",-0.06,0.03,63,-2.2,"0.254"
"∑Saturated fatty acids SFA","(Age32 Spring/Summer) - (Age54 Autumn/Winter)",-0.09,0.03,63,-3,"0.043"
"∑Saturated fatty acids SFA","(Age54 Spring/Summer) - (Age13 Autumn/Winter)",-0.29,0.03,63,-9.92,"<0.001"
"∑Saturated fatty acids SFA","(Age54 Spring/Summer) - (Age32 Autumn/Winter)",-0.24,0.03,63,-8.37,"<0.001"
"∑Saturated fatty acids SFA","(Age54 Spring/Summer) - (Age54 Autumn/Winter)",-0.27,0.03,63,-9.17,"<0.001"
"∑Saturated fatty acids SFA","(Age13 Autumn/Winter) - (Age32 Autumn/Winter)",0.05,0.03,63,1.55,"0.636"
"∑Saturated fatty acids SFA","(Age13 Autumn/Winter) - (Age54 Autumn/Winter)",0.02,0.03,63,0.75,"0.975"
"∑Saturated fatty acids SFA","(Age32 Autumn/Winter) - (Age54 Autumn/Winter)",-0.02,0.03,63,-0.8,"0.966"
"∑Mono-unsaturated fatty acids MUFA","(Age13 Spring/Summer) - (Age32 Spring/Summer)",0.1,0.03,63,2.86,"0.061"
"∑Mono-unsaturated fatty acids MUFA","(Age13 Spring/Summer) - (Age54 Spring/Summer)",0.3,0.03,63,8.86,"<0.001"
"∑Mono-unsaturated fatty acids MUFA","(Age13 Spring/Summer) - (Age13 Autumn/Winter)",-0.09,0.03,63,-2.74,"0.082"
"∑Mono-unsaturated fatty acids MUFA","(Age13 Spring/Summer) - (Age32 Autumn/Winter)",-0.37,0.03,63,-10.77,"<0.001"
"∑Mono-unsaturated fatty acids MUFA","(Age13 Spring/Summer) - (Age54 Autumn/Winter)",-0.4,0.03,63,-11.7,"<0.001"
"∑Mono-unsaturated fatty acids MUFA","(Age32 Spring/Summer) - (Age54 Spring/Summer)",0.21,0.03,63,5.99,"<0.001"
"∑Mono-unsaturated fatty acids MUFA","(Age32 Spring/Summer) - (Age13 Autumn/Winter)",-0.19,0.03,63,-5.6,"<0.001"
"∑Mono-unsaturated fatty acids MUFA","(Age32 Spring/Summer) - (Age32 Autumn/Winter)",-0.47,0.03,63,-13.63,"<0.001"
"∑Mono-unsaturated fatty acids MUFA","(Age32 Spring/Summer) - (Age54 Autumn/Winter)",-0.5,0.03,63,-14.56,"<0.001"
"∑Mono-unsaturated fatty acids MUFA","(Age54 Spring/Summer) - (Age13 Autumn/Winter)",-0.4,0.03,63,-11.59,"<0.001"
"∑Mono-unsaturated fatty acids MUFA","(Age54 Spring/Summer) - (Age32 Autumn/Winter)",-0.68,0.03,63,-19.63,"<0.001"
"∑Mono-unsaturated fatty acids MUFA","(Age54 Spring/Summer) - (Age54 Autumn/Winter)",-0.71,0.03,63,-20.56,"<0.001"
"∑Mono-unsaturated fatty acids MUFA","(Age13 Autumn/Winter) - (Age32 Autumn/Winter)",-0.28,0.03,63,-8.03,"<0.001"
"∑Mono-unsaturated fatty acids MUFA","(Age13 Autumn/Winter) - (Age54 Autumn/Winter)",-0.31,0.03,63,-8.96,"<0.001"
"∑Mono-unsaturated fatty acids MUFA","(Age32 Autumn/Winter) - (Age54 Autumn/Winter)",-0.03,0.03,63,-0.93,"0.937"
"∑ poly-unsaturated fatty acids 3 PUFA","(Age13 Spring/Summer) - (Age32 Spring/Summer)",-0.22,0.1,63,-2.22,"0.244"
"∑ poly-unsaturated fatty acids 3 PUFA","(Age13 Spring/Summer) - (Age54 Spring/Summer)",-0.54,0.1,63,-5.4,"<0.001"
"∑ poly-unsaturated fatty acids 3 PUFA","(Age13 Spring/Summer) - (Age13 Autumn/Winter)",0.27,0.1,63,2.68,"0.093"
"∑ poly-unsaturated fatty acids 3 PUFA","(Age13 Spring/Summer) - (Age32 Autumn/Winter)",0.34,0.1,63,3.43,"0.013"
"∑ poly-unsaturated fatty acids 3 PUFA","(Age13 Spring/Summer) - (Age54 Autumn/Winter)",0.36,0.1,63,3.62,"0.007"
"∑ poly-unsaturated fatty acids 3 PUFA","(Age32 Spring/Summer) - (Age54 Spring/Summer)",-0.32,0.1,63,-3.18,"0.026"
"∑ poly-unsaturated fatty acids 3 PUFA","(Age32 Spring/Summer) - (Age13 Autumn/Winter)",0.49,0.1,63,4.9,"<0.001"
"∑ poly-unsaturated fatty acids 3 PUFA","(Age32 Spring/Summer) - (Age32 Autumn/Winter)",0.56,0.1,63,5.65,"<0.001"
"∑ poly-unsaturated fatty acids 3 PUFA","(Age32 Spring/Summer) - (Age54 Autumn/Winter)",0.58,0.1,63,5.84,"<0.001"
"∑ poly-unsaturated fatty acids 3 PUFA","(Age54 Spring/Summer) - (Age13 Autumn/Winter)",0.8,0.1,63,8.08,"<0.001"
"∑ poly-unsaturated fatty acids 3 PUFA","(Age54 Spring/Summer) - (Age32 Autumn/Winter)",0.88,0.1,63,8.83,"<0.001"
"∑ poly-unsaturated fatty acids 3 PUFA","(Age54 Spring/Summer) - (Age54 Autumn/Winter)",0.9,0.1,63,9.03,"<0.001"
"∑ poly-unsaturated fatty acids 3 PUFA","(Age13 Autumn/Winter) - (Age32 Autumn/Winter)",0.07,0.1,63,0.75,"0.974"
"∑ poly-unsaturated fatty acids 3 PUFA","(Age13 Autumn/Winter) - (Age54 Autumn/Winter)",0.09,0.1,63,0.94,"0.933"
"∑ poly-unsaturated fatty acids 3 PUFA","(Age32 Autumn/Winter) - (Age54 Autumn/Winter)",0.02,0.1,63,0.19,">0.999"
"∑omega 3 poly-unsaturated fatty acids n-3 PUFA","(Age13 Spring/Summer) - (Age32 Spring/Summer)",-0.22,0.11,63,-1.98,"0.364"
"∑omega 3 poly-unsaturated fatty acids n-3 PUFA","(Age13 Spring/Summer) - (Age54 Spring/Summer)",-0.62,0.11,63,-5.54,"<0.001"
"∑omega 3 poly-unsaturated fatty acids n-3 PUFA","(Age13 Spring/Summer) - (Age13 Autumn/Winter)",0.42,0.11,63,3.71,"0.006"
"∑omega 3 poly-unsaturated fatty acids n-3 PUFA","(Age13 Spring/Summer) - (Age32 Autumn/Winter)",0.39,0.11,63,3.48,"0.011"
"∑omega 3 poly-unsaturated fatty acids n-3 PUFA","(Age13 Spring/Summer) - (Age54 Autumn/Winter)",0.32,0.11,63,2.88,"0.058"
"∑omega 3 poly-unsaturated fatty acids n-3 PUFA","(Age32 Spring/Summer) - (Age54 Spring/Summer)",-0.4,0.11,63,-3.56,"0.009"
"∑omega 3 poly-unsaturated fatty acids n-3 PUFA","(Age32 Spring/Summer) - (Age13 Autumn/Winter)",0.64,0.11,63,5.69,"<0.001"
"∑omega 3 poly-unsaturated fatty acids n-3 PUFA","(Age32 Spring/Summer) - (Age32 Autumn/Winter)",0.62,0.11,63,5.46,"<0.001"
"∑omega 3 poly-unsaturated fatty acids n-3 PUFA","(Age32 Spring/Summer) - (Age54 Autumn/Winter)",0.55,0.11,63,4.86,"<0.001"
"∑omega 3 poly-unsaturated fatty acids n-3 PUFA","(Age54 Spring/Summer) - (Age13 Autumn/Winter)",1.04,0.11,63,9.24,"<0.001"
"∑omega 3 poly-unsaturated fatty acids n-3 PUFA","(Age54 Spring/Summer) - (Age32 Autumn/Winter)",1.02,0.11,63,9.02,"<0.001"
"∑omega 3 poly-unsaturated fatty acids n-3 PUFA","(Age54 Spring/Summer) - (Age54 Autumn/Winter)",0.95,0.11,63,8.42,"<0.001"
"∑omega 3 poly-unsaturated fatty acids n-3 PUFA","(Age13 Autumn/Winter) - (Age32 Autumn/Winter)",-0.03,0.11,63,-0.22,">0.999"
"∑omega 3 poly-unsaturated fatty acids n-3 PUFA","(Age13 Autumn/Winter) - (Age54 Autumn/Winter)",-0.09,0.11,63,-0.82,"0.962"
"∑omega 3 poly-unsaturated fatty acids n-3 PUFA","(Age32 Autumn/Winter) - (Age54 Autumn/Winter)",-0.07,0.11,63,-0.6,"0.991"
"Fat Content g/100g","(Age13 Spring/Summer) - (Age32 Spring/Summer)",0.02,0.04,63,0.58,"0.992"
"Fat Content g/100g","(Age13 Spring/Summer) - (Age54 Spring/Summer)",0.07,0.04,63,1.89,"0.416"
"Fat Content g/100g","(Age13 Spring/Summer) - (Age13 Autumn/Winter)",0.44,0.04,63,12.12,"<0.001"
"Fat Content g/100g","(Age13 Spring/Summer) - (Age32 Autumn/Winter)",-0.34,0.04,63,-9.42,"<0.001"
"Fat Content g/100g","(Age13 Spring/Summer) - (Age54 Autumn/Winter)",-0.36,0.04,63,-9.8,"<0.001"
"Fat Content g/100g","(Age32 Spring/Summer) - (Age54 Spring/Summer)",0.05,0.04,63,1.31,"0.777"
"Fat Content g/100g","(Age32 Spring/Summer) - (Age13 Autumn/Winter)",0.42,0.04,63,11.53,"<0.001"
"Fat Content g/100g","(Age32 Spring/Summer) - (Age32 Autumn/Winter)",-0.36,0.04,63,-10,"<0.001"
"Fat Content g/100g","(Age32 Spring/Summer) - (Age54 Autumn/Winter)",-0.38,0.04,63,-10.38,"<0.001"
"Fat Content g/100g","(Age54 Spring/Summer) - (Age13 Autumn/Winter)",0.37,0.04,63,10.22,"<0.001"
"Fat Content g/100g","(Age54 Spring/Summer) - (Age32 Autumn/Winter)",-0.41,0.04,63,-11.31,"<0.001"
"Fat Content g/100g","(Age54 Spring/Summer) - (Age54 Autumn/Winter)",-0.42,0.04,63,-11.69,"<0.001"
"Fat Content g/100g","(Age13 Autumn/Winter) - (Age32 Autumn/Winter)",-0.78,0.04,63,-21.53,"<0.001"
"Fat Content g/100g","(Age13 Autumn/Winter) - (Age54 Autumn/Winter)",-0.8,0.04,63,-21.92,"<0.001"
"Fat Content g/100g","(Age32 Autumn/Winter) - (Age54 Autumn/Winter)",-0.01,0.04,63,-0.38,"0.999"
